date,area_ha,active_ha,persistent_ha,smooth_ha,fraction,n_objects,largest_ha,cloud_context
2023-04-12,5.83,5.83,0.0,5.83,0.0823,48,0.48,0.0012
2023-05-02,9.61,9.61,0.0,7.195,0.1357,66,1.69,0.0129
2023-05-10,4.78,4.78,0.0,5.935,0.0675,25,2.22,0.0
2023-05-15,7.09,7.09,0.0,5.21,0.1001,49,0.85,0.0
2023-05-17,0.55,0.55,0.0,5.21,0.0078,4,0.42,0.0001
2023-05-25,5.64,5.64,0.0,5.64,0.0796,35,0.87,0.0
2023-06-01,4.48,4.48,0.0,5.06,0.0633,45,0.57,0.0042
2023-06-04,6.14,6.14,0.0,5.06,0.0867,48,0.79,0.001
2023-06-06,3.96,3.96,0.0,4.48,0.0559,42,0.64,0.0
2023-06-24,0.75,0.75,0.0,2.42,0.0106,13,0.19,0.0496
2023-06-26,2.42,2.42,0.0,2.42,0.0342,36,0.25,0.0001
2023-06-29,3.63,3.63,0.0,2.78,0.0513,44,0.32,0.0
2023-07-01,4.52,4.52,0.0,2.78,0.0638,45,0.67,0.0
2023-07-04,1.2,1.2,0.0,3.14,0.0169,17,0.41,0.0
2023-07-09,3.14,3.14,0.0,3.385,0.0443,26,0.55,0.0
2023-07-14,5.75,5.75,0.0,2.845,0.0812,45,0.6,0.0
2023-07-19,2.55,2.55,0.0,2.69,0.036,22,0.83,0.0
2023-07-26,2.69,2.69,0.0,2.69,0.038,32,0.54,0.0006
2023-07-29,1.59,1.59,0.0,2.69,0.0225,20,0.31,0.0008
2023-07-31,6.03,6.03,0.0,4.08,0.0852,60,0.43,0.0
2023-08-03,5.47,5.47,0.0,4.08,0.0772,52,0.69,0.0
2023-08-15,5.85,5.85,0.0,3.22,0.0826,41,0.92,0.0001
2023-08-23,0.59,0.59,0.0,3.91,0.0083,2,0.5,0.0637
2023-09-02,3.91,3.91,0.0,3.91,0.0552,31,0.55,0.0001
2023-09-09,6.19,6.19,0.0,4.54,0.0874,44,0.92,0.0
2023-09-14,4.54,4.54,0.0,4.54,0.0641,33,1.01,0.0
2023-09-22,2.96,2.96,0.0,4.54,0.0418,18,0.86,0.0
2023-09-29,4.99,4.99,0.0,4.99,0.0705,47,0.72,0.0001
2023-10-07,5.91,5.91,0.0,5.45,0.0835,56,0.99,0.0001
2023-10-27,2.69,2.69,0.0,5.275,0.038,23,0.8,0.0003
2023-10-29,7.86,7.86,0.0,7.78,0.111,71,0.9,0.0048
2023-11-08,7.78,7.78,0.0,7.78,0.1099,59,2.06,0.0001
2023-11-16,3.35,3.35,0.0,2.895,0.0473,43,0.31,0.0
2023-11-23,1.36,1.36,0.0,1.9,0.0192,8,0.6,0.0137
2023-11-26,2.44,2.44,0.0,1.9,0.0345,21,0.76,0.0014
2023-11-28,0.81,0.81,0.0,1.36,0.0114,8,0.45,0.0547
2023-12-26,5.92,5.92,0.0,5.92,0.0836,42,1.24,0.0002
2024-02-16,21.68,21.68,0.0,21.68,0.3062,75,7.14,0.002
2024-03-05,8.74,8.74,0.0,8.12,0.1234,58,1.77,0.0274
2024-03-15,7.5,7.5,0.0,8.71,0.1059,50,1.99,0.0039
2024-03-17,8.71,8.71,0.0,8.105,0.123,60,1.53,0.0045
2024-04-14,3.17,3.17,0.0,3.17,0.0448,26,0.63,0.0003
2024-05-09,6.69,6.69,0.0,3.58,0.0945,54,0.52,0.0038
2024-05-11,3.58,3.58,0.0,3.58,0.0506,32,0.83,0.0048
2024-05-14,2.1,2.1,0.0,3.58,0.0297,28,0.17,0.0
2024-05-31,2.92,2.92,0.0,2.665,0.0412,30,0.52,0.0
2024-06-05,2.41,2.41,0.0,2.665,0.034,26,0.47,0.0
2024-06-20,2.55,2.55,0.0,3.255,0.036,31,0.53,0.0
2024-06-25,3.96,3.96,0.0,3.585,0.0559,44,0.84,0.0001
2024-07-03,3.21,3.21,0.0,5.225,0.0453,28,0.76,0.0
2024-07-05,7.08,7.08,0.0,3.96,0.1,42,0.93,0.0006
2024-07-08,8.75,8.75,0.0,4.81,0.1236,59,0.91,0.0
2024-07-10,6.49,6.49,0.0,4.42,0.0917,65,0.4,0.0
2024-07-13,3.75,3.75,0.0,4.03,0.053,40,0.5,0.0
2024-07-15,2.16,2.16,0.0,4.42,0.0305,29,0.24,0.0752
2024-07-18,4.81,4.81,0.0,4.03,0.0679,57,0.47,0.0
2024-07-20,4.03,4.03,0.0,3.89,0.0569,29,0.61,0.0
2024-07-23,3.65,3.65,0.0,3.75,0.0515,39,0.58,0.0
2024-08-04,6.14,6.14,0.0,3.91,0.0867,43,0.77,0.0004
2024-08-07,3.91,3.91,0.0,3.91,0.0552,41,0.79,0.0002
2024-08-14,3.74,3.74,0.0,3.91,0.0528,39,0.77,0.0294
2024-08-27,4.64,4.64,0.0,4.64,0.0655,37,0.7,0.0442
2024-08-29,5.15,5.15,0.0,4.64,0.0727,26,0.95,0.0001
2024-09-06,2.12,2.12,0.0,4.64,0.0299,32,0.18,0.0003
2024-09-21,3.54,3.54,0.0,4.85,0.05,40,0.44,0.0043
2024-10-01,6.16,6.16,0.0,6.16,0.087,53,0.66,0.0003
2024-10-06,7.35,7.35,0.0,7.35,0.1038,62,0.65,0.0002
2024-10-13,8.88,8.88,0.0,8.115,0.1254,75,0.93,0.0001
2024-11-07,9.85,9.85,0.0,9.85,0.1391,57,2.96,0.0002
2024-12-15,14.94,14.94,0.0,14.94,0.211,83,5.45,0.0246
2025-01-19,14.91,14.91,0.0,10.015,0.2106,55,4.31,0.001
2025-01-29,5.12,5.12,0.0,10.015,0.0723,44,0.5,0.0026
2025-04-04,9.49,9.49,0.0,10.105,0.134,63,3.54,0.0004
2025-04-14,10.72,10.72,0.0,10.825,0.1514,49,4.68,0.0004
2025-04-16,10.93,10.93,0.0,10.93,0.1544,49,4.16,0.0002
2025-04-23,12.11,12.11,0.0,11.52,0.171,59,3.74,0.0067
2025-05-01,13.21,13.21,0.0,12.11,0.1866,50,5.41,0.0
2025-05-04,9.18,9.18,0.0,11.195,0.1296,53,3.44,0.019
2025-05-24,11.15,11.15,0.0,12.33,0.1575,44,4.33,0.0178
2025-06-02,12.72,12.72,0.0,11.01,0.1796,55,4.37,0.0021
2025-06-03,12.33,12.33,0.0,11.01,0.1741,68,3.86,0.0004
2025-06-05,10.54,10.54,0.0,10.705,0.1488,52,3.54,0.0
2025-06-08,7.76,7.76,0.0,10.705,0.1096,49,1.37,0.0
2025-06-10,10.87,10.87,0.0,10.705,0.1535,65,4.66,0.0001
2025-06-15,7.59,7.59,0.0,9.15,0.1072,53,2.99,0.0
2025-06-30,8.87,8.87,0.0,8.51,0.1253,54,2.47,0.0
2025-07-05,6.31,6.31,0.0,8.955,0.0891,38,1.98,0.0
2025-07-08,8.51,8.51,0.0,8.955,0.1202,40,2.74,0.0
2025-07-12,10.27,10.27,0.0,9.04,0.145,61,3.24,0.0
2025-07-13,10.73,10.73,0.0,9.245,0.1515,58,3.74,0.0002
2025-07-15,9.04,9.04,0.0,9.245,0.1277,49,2.02,0.0001
2025-07-23,9.45,9.45,0.0,10.09,0.1335,47,3.08,0.001
2025-07-28,11.52,11.52,0.0,10.09,0.1627,49,1.97,0.0
2025-08-01,10.09,10.09,0.0,10.09,0.1425,47,2.22,0.0519
2025-08-12,13.93,13.93,0.0,14.54,0.1967,56,4.46,0.0
2025-08-21,16.33,16.33,0.0,14.54,0.2306,63,4.17,0.0005
2025-08-22,14.54,14.54,0.0,14.54,0.2053,72,4.26,0.0
2025-09-03,6.22,6.22,0.0,10.5,0.0878,42,0.89,0.0001
2025-09-10,13.44,13.44,0.0,11.72,0.1898,69,3.66,0.0004
2025-09-13,10.5,10.5,0.0,11.11,0.1483,39,2.36,0.0005
2025-09-16,11.72,11.72,0.0,11.72,0.1655,65,2.09,0.0001
2025-09-18,17.29,17.29,0.0,11.72,0.2442,68,3.97,0.0
2025-09-23,4.68,4.68,0.0,11.72,0.0661,43,0.59,0.0003
2025-09-30,13.36,13.36,0.0,9.97,0.1887,53,4.39,0.0011
2025-10-06,9.97,9.97,0.0,13.36,0.1408,47,2.32,0.0006
2025-10-13,18.49,18.49,0.0,14.23,0.2611,53,6.84,0.0004
2025-11-30,7.28,7.28,0.0,7.28,0.1028,40,2.77,0.0706
2025-12-17,8.48,8.48,0.0,8.48,0.1198,68,1.39,0.0115
2025-12-22,14.89,14.89,0.0,8.48,0.2103,63,3.92,0.0002
2025-12-27,4.33,4.33,0.0,8.48,0.0611,39,0.9,0.0
2026-01-16,18.01,18.01,0.0,8.745,0.2543,75,8.34,0.0
2026-01-19,10.61,10.61,0.0,8.745,0.1498,52,3.63,0.0
2026-01-21,4.52,4.52,0.0,8.745,0.0638,44,0.83,0.0
2026-01-24,6.88,6.88,0.0,8.745,0.0972,45,1.2,0.0068
2026-02-10,22.65,22.65,0.0,17.485,0.3199,57,9.93,0.0001
2026-02-15,12.32,12.32,0.0,17.485,0.174,64,5.58,0.0004
2026-03-02,5.63,5.63,0.0,5.63,0.0795,51,0.6,0.0
2026-03-15,10.73,10.73,0.0,10.73,0.1515,61,3.98,0.0059
2026-04-06,10.95,10.95,0.0,11.065,0.1546,55,4.26,0.0
2026-04-08,11.18,11.18,0.0,11.065,0.1579,57,4.83,0.0
2026-04-24,6.3,6.3,0.0,9.27,0.089,50,1.5,0.0058
2026-04-26,10.76,10.76,0.0,9.27,0.152,57,2.68,0.0004
2026-04-29,9.27,9.27,0.0,9.27,0.1309,56,1.8,0.0001
2026-05-11,7.25,7.25,0.0,7.25,0.1024,54,0.82,0.0001
2026-05-31,7.34,7.34,0.0,7.34,0.1037,61,0.66,0.0
2026-06-13,5.51,5.51,0.0,7.945,0.0778,41,0.99,0.0007
2026-06-18,10.38,10.38,0.0,10.38,0.1466,56,1.78,0.0
2026-06-27,11.9,11.9,0.0,11.9,0.1681,58,2.64,0.0967
2026-07-05,12.33,12.33,0.0,12.115,0.1741,48,2.9,0.0
2026-07-13,8.3,8.3,0.0,10.315,0.1172,52,1.03,0.0002
2026-07-15,14.97,14.97,0.0,10.315,0.2114,72,2.27,0.0003
2026-07-18,6.79,6.79,0.0,8.3,0.0959,47,1.17,0.0498
2026-07-30,8.92,8.92,0.0,6.785,0.126,64,0.68,0.0
2026-08-07,4.65,4.65,0.0,7.48,0.0657,31,1.04,0.0
2026-08-12,7.57,7.57,0.0,7.36,0.1069,51,2.03,0.0
2026-08-14,7.24,7.24,0.0,7.48,0.1022,47,2.16,0.0
2026-08-17,7.48,7.48,0.0,7.48,0.1056,46,1.18,0.0
2026-08-24,14.13,14.13,0.0,7.48,0.1995,61,2.45,0.0
2026-09-06,13.37,13.37,0.0,13.37,0.1888,65,2.52,0.0007
2026-09-08,8.48,8.48,0.0,13.37,0.1198,58,0.75,0.0006
2026-09-16,14.46,14.46,0.0,12.325,0.2042,61,3.85,0.0002
2026-09-26,11.28,11.28,0.0,12.095,0.1593,56,1.58,0.0032
2026-10-01,12.91,12.91,0.0,11.28,0.1823,61,2.95,0.0004
2026-10-06,7.93,7.93,0.0,11.28,0.112,37,1.94,0.0001
